-- phpMyAdmin SQL Dump
-- version 4.7.0
-- https://www.phpmyadmin.net/
--
-- Host: localhost:3306
-- Generation Time: May 08, 2019 at 07:27 PM
-- Server version: 5.6.34-log
-- PHP Version: 7.2.1

SET SQL_MODE = "NO_AUTO_VALUE_ON_ZERO";
SET AUTOCOMMIT = 0;
START TRANSACTION;
SET time_zone = "+00:00";


/*!40101 SET @OLD_CHARACTER_SET_CLIENT=@@CHARACTER_SET_CLIENT */;
/*!40101 SET @OLD_CHARACTER_SET_RESULTS=@@CHARACTER_SET_RESULTS */;
/*!40101 SET @OLD_COLLATION_CONNECTION=@@COLLATION_CONNECTION */;
/*!40101 SET NAMES utf8mb4 */;

--
-- Database: `openpoollogger`
--

-- --------------------------------------------------------

--
-- Table structure for table `employers`
--

CREATE TABLE `employers` (
  `eid` bigint(20) UNSIGNED NOT NULL,
  `fullname` varchar(128) NOT NULL,
  `username` varchar(32) NOT NULL,
  `password` varchar(40) NOT NULL,
  `email` varchar(255) NOT NULL,
  `admin` tinyint(1) NOT NULL DEFAULT '0',
  `record_datetime` datetime NOT NULL,
  `modififed_datetime` datetime NOT NULL
) ENGINE=InnoDB DEFAULT CHARSET=utf8;

--
-- Dumping data for table `employers`
--

INSERT INTO `employers` (`eid`, `fullname`, `username`, `password`, `email`, `admin`, `record_datetime`, `modififed_datetime`) VALUES
(1, 'Nuno Fidalgo', 'Fidalgo', '199d969155d71f6e85e58e94cd76c82bced52642', 'nunorfidalgo@gmail.com', 1, '2018-11-10 17:37:59', '2018-11-10 17:37:59'),
(2, 'Liliana Sousa', 'Liliana', '0740326a19e13e3e21fcd9740fe4bdcb40033196', 'lilianasousa@goodfit.pt', 1, '2018-11-10 17:37:59', '2018-11-10 17:37:59'),
(3, 'Fabio Direito', 'Fabio', '0740326a19e13e3e21fcd9740fe4bdcb40033196', 'fabiodireito@goodfit.pt', 1, '2018-11-10 17:37:59', '2018-11-10 17:37:59'),
(4, 'Nuno Ferreira', 'Nuno', '0740326a19e13e3e21fcd9740fe4bdcb40033196', 'nunoferreira@goodfit.pt', 1, '2018-11-10 17:37:59', '2018-11-10 17:37:59'),
(5, 'Moisés Direito', 'Moisés', '0740326a19e13e3e21fcd9740fe4bdcb40033196', 'moisesdireito@goodfit.pt', 0, '2018-11-10 17:37:59', '2018-11-10 17:37:59'),
(6, 'Marisa Sa', 'Marisa', '0740326a19e13e3e21fcd9740fe4bdcb40033196', 'marisasa@goodfit.pt', 0, '2018-11-10 17:37:59', '2018-11-10 17:37:59');

-- --------------------------------------------------------

--
-- Table structure for table `logs`
--

CREATE TABLE `logs` (
  `lid` bigint(20) UNSIGNED NOT NULL,
  `cl` float UNSIGNED DEFAULT NULL,
  `dpd3` float UNSIGNED DEFAULT NULL,
  `ph` float UNSIGNED DEFAULT NULL,
  `temp` float UNSIGNED DEFAULT NULL,
  `maq` int(10) UNSIGNED DEFAULT NULL,
  `record_time` datetime NOT NULL,
  `log_owner` bigint(20) UNSIGNED NOT NULL,
  `log_type` tinyint(3) UNSIGNED NOT NULL
) ENGINE=InnoDB DEFAULT CHARSET=utf8;

--
-- Dumping data for table `logs`
--

INSERT INTO `logs` (`lid`, `cl`, `dpd3`, `ph`, `temp`, `maq`, `record_time`, `log_owner`, `log_type`) VALUES
(1, 1.83, 0.36, 3.54, 18, 556, '2018-11-05 09:42:32', 3, 1),
(2, 1.11, 0.65, 10.48, 27.71, 911, '2018-11-05 06:07:37', 6, 1),
(3, 0.68, 1.21, 2.84, 28.05, 947, '2018-11-09 03:03:02', 3, 2),
(4, 1.68, 0.77, 13.72, 16.52, 670, '2018-11-08 07:23:22', 5, 1),
(5, 0.63, 0.86, 6.97, 40.76, 628, '2018-10-28 18:08:14', 3, 1),
(6, 2, 0.89, 11.24, 22.89, 696, '2018-11-06 08:25:31', 3, 1),
(7, 0.1, 0.11, 2.45, 28.13, 500, '2018-11-05 08:12:18', 4, 1),
(8, 0.24, 0, 6.52, 1.96, 155, '2018-11-05 00:40:11', 3, 2),
(9, 0.3, 0.82, 12.72, 41.98, 488, '2018-11-06 21:28:35', 5, 2),
(10, 1.09, 0.13, 8.03, 44.12, 751, '2018-10-30 20:56:27', 6, 2),
(11, 1.15, 1.94, 0.64, 12.5, 598, '2018-11-07 12:28:22', 1, 1),
(12, 0.44, 0.24, 13.65, 6.41, 590, '2018-11-01 12:04:05', 3, 2),
(13, 0.95, 1.59, 8.71, 32.88, 555, '2018-10-28 07:43:33', 1, 2),
(14, 1.48, 1.44, 4.34, 46.98, 584, '2018-10-29 03:58:32', 5, 2),
(15, 0.31, 1.73, 3.41, 4.85, 972, '2018-11-03 08:43:20', 1, 1),
(16, 0.78, 0.73, 3.62, 8.63, 325, '2018-11-02 08:09:55', 6, 1),
(17, 1.96, 1.05, 6.33, 12.28, 313, '2018-10-28 15:54:30', 5, 2),
(18, 0.5, 0.64, 11.19, 3.18, 947, '2018-11-10 07:28:11', 6, 1),
(19, 0.99, 0.08, 6.4, 21.63, 524, '2018-10-30 14:26:15', 6, 2),
(20, 0.72, 0.55, 5.11, 22.36, 250, '2018-10-29 18:07:20', 4, 1),
(21, 0.2, 1.66, 1.15, 6.19, 632, '2018-11-07 04:31:32', 4, 1),
(22, 1.98, 0.63, 11.36, 39.48, 863, '2018-10-31 15:42:24', 5, 1),
(23, 1.39, 0.18, 0.34, 33.49, 492, '2018-11-02 02:25:13', 1, 2),
(24, 1.65, 1.83, 8.97, 4.93, 154, '2018-11-07 05:43:46', 6, 1),
(25, 1.71, 1.26, 7.3, 12.67, 361, '2018-11-06 23:10:46', 2, 1),
(26, 1.16, 0.56, 2.06, 44.98, 337, '2018-11-02 09:08:52', 6, 1),
(27, 0.66, 1.07, 8.46, 30.35, 650, '2018-10-31 03:14:26', 1, 2),
(28, 1.35, 0.55, 11.7, 43.56, 699, '2018-11-08 18:36:26', 4, 1),
(29, 1.09, 1.49, 9.51, 37.79, 371, '2018-10-29 08:01:31', 5, 1),
(30, 1.56, 0.49, 5.81, 22.46, 395, '2018-10-28 05:21:08', 6, 2),
(31, 0.7, 1.79, 10.84, 25.94, 874, '2018-10-29 13:26:54', 1, 1),
(32, 0.08, 0.05, 7.58, 23.08, 48, '2018-10-29 02:19:39', 5, 1),
(33, 0.61, 1.64, 9.22, 23.6, 379, '2018-11-01 05:57:57', 4, 1),
(34, 1.54, 0.25, 12.94, 7.64, 653, '2018-11-01 07:52:47', 4, 1),
(35, 0.62, 0.81, 1.72, 17.35, 947, '2018-11-06 02:57:46', 5, 1),
(36, 0.47, 1.29, 13.49, 1.86, 221, '2018-11-07 11:05:44', 2, 2),
(37, 0.76, 1.29, 12.8, 0.89, 325, '2018-11-03 02:40:46', 2, 2),
(38, 1.88, 1.49, 12.48, 17.88, 393, '2018-11-10 16:55:35', 2, 2),
(39, 0.23, 1.22, 0.73, 47.62, 573, '2018-11-06 16:57:10', 6, 1),
(40, 1.13, 0.37, 0.57, 4.89, 174, '2018-10-29 07:59:27', 2, 1),
(41, 0.16, 1.6, 11.22, 22.49, 474, '2018-11-02 19:11:02', 3, 1),
(42, 0.09, 0.71, 8.72, 35.16, 238, '2018-11-03 03:37:52', 1, 2),
(43, 1.56, 1.83, 9.57, 44.28, 486, '2018-11-06 20:29:50', 3, 1),
(44, 1.78, 0.61, 9.2, 32.69, 480, '2018-11-06 17:39:01', 2, 1),
(45, 0.11, 0.08, 0.12, 6.33, 671, '2018-11-10 10:28:11', 2, 2),
(46, 0.23, 0.04, 3.52, 8.95, 928, '2018-11-04 21:59:24', 6, 2),
(47, 1.33, 0, 10.56, 8.52, 844, '2018-11-04 19:37:13', 3, 1),
(48, 0.07, 0.11, 8.19, 1.78, 918, '2018-11-08 14:20:34', 3, 1),
(49, 1.08, 0.29, 13.57, 17.65, 133, '2018-10-27 19:07:42', 5, 1),
(50, 1.41, 1.56, 13.89, 11.64, 551, '2018-11-06 00:23:49', 4, 2),
(51, 0.96, 0.18, 7.26, 21.22, 478, '2018-11-07 09:18:17', 3, 1),
(52, 1.18, 1.35, 12.62, 37.94, 274, '2018-11-01 23:27:16', 2, 1),
(53, 1.01, 0.05, 0.08, 0.53, 8, '2018-11-08 02:02:43', 3, 2),
(54, 0.11, 0.27, 2.92, 38.04, 403, '2018-11-07 08:13:39', 3, 2),
(55, 1.14, 1.3, 7.88, 8.66, 269, '2018-11-01 20:15:03', 6, 1),
(56, 0.9, 1.99, 10.24, 48.42, 918, '2018-11-03 18:06:32', 2, 1),
(57, 1.03, 1.12, 4.39, 12.74, 603, '2018-11-08 19:36:57', 3, 1),
(58, 0.53, 1.1, 8.71, 12.07, 33, '2018-11-09 19:42:34', 4, 2),
(59, 0.74, 0.7, 5.1, 35.11, 510, '2018-11-02 17:56:17', 1, 2),
(60, 1.87, 0.42, 7.93, 0.21, 480, '2018-10-30 04:57:07', 3, 1),
(61, 1.42, 1.09, 4.55, 42.3, 491, '2018-11-04 10:40:00', 4, 1),
(62, 1.42, 0.68, 13.56, 44.06, 382, '2018-11-04 16:04:37', 1, 2),
(63, 1.66, 0.37, 10, 33.09, 818, '2018-11-01 19:05:46', 6, 1),
(64, 0.52, 1.94, 7.4, 4.01, 375, '2018-11-01 21:14:24', 5, 2),
(65, 0.04, 1.85, 6.03, 8.08, 350, '2018-11-05 17:56:17', 5, 1),
(66, 1.89, 1.07, 0.34, 4.94, 220, '2018-10-31 10:25:10', 1, 2),
(67, 0.68, 0.45, 8.84, 4.62, 289, '2018-11-02 23:03:45', 2, 1),
(68, 1.75, 1.38, 1.03, 46.37, 687, '2018-10-28 18:52:29', 3, 1),
(69, 0.58, 0.15, 3.31, 13.19, 317, '2018-10-28 02:09:12', 5, 1),
(70, 1.51, 1.89, 1.29, 30.37, 742, '2018-11-04 15:37:40', 3, 2),
(71, 1.67, 0.86, 2.29, 14.21, 264, '2018-11-05 13:55:06', 6, 2),
(72, 1.45, 1.35, 10.25, 35.04, 216, '2018-10-31 10:16:55', 4, 2),
(73, 0.49, 0.52, 1.3, 4.88, 114, '2018-10-29 14:25:19', 4, 2),
(74, 0.08, 1.45, 10.95, 37.78, 637, '2018-10-31 15:19:10', 6, 1),
(75, 1.18, 0.87, 6.26, 20.33, 31, '2018-11-04 16:14:36', 4, 2),
(76, 0.21, 0.42, 12.3, 27.3, 663, '2018-11-08 12:40:30', 5, 2),
(77, 0.85, 1.93, 4.94, 16.64, 890, '2018-10-27 21:07:52', 4, 2),
(78, 1, 0.96, 6.37, 3.83, 157, '2018-11-02 18:11:21', 2, 1),
(79, 1.78, 0.51, 4.37, 10.95, 140, '2018-11-08 12:50:17', 2, 1),
(80, 0.79, 1.17, 12.9, 33.92, 467, '2018-11-03 19:42:35', 2, 1),
(81, 0.64, 1.74, 5.52, 4.16, 651, '2018-10-28 12:01:15', 6, 1),
(82, 1.72, 0.23, 6.58, 31.39, 427, '2018-11-02 20:32:54', 3, 2),
(83, 1.38, 0.19, 2.97, 3.43, 362, '2018-10-30 19:46:31', 3, 1),
(84, 0.65, 0.77, 8.1, 20.73, 996, '2018-11-07 16:50:22', 5, 1),
(85, 1.24, 1.37, 13.82, 18.08, 245, '2018-11-10 05:24:50', 5, 1),
(86, 0.53, 1.46, 11.43, 13.96, 328, '2018-11-10 03:37:44', 3, 1),
(87, 0.19, 0.61, 1.24, 14.7, 979, '2018-10-30 10:03:31', 2, 2),
(88, 0.51, 1.55, 8.97, 7.51, 107, '2018-10-29 02:17:21', 2, 1),
(89, 1.48, 1.61, 5.67, 12.05, 460, '2018-11-09 17:49:38', 6, 1),
(90, 1.9, 0.91, 12.05, 18.7, 931, '2018-11-06 22:11:15', 1, 2),
(91, 0.85, 0.22, 1.33, 27.6, 543, '2018-11-02 17:11:48', 2, 1),
(92, 0.83, 1.34, 8.54, 19.97, 377, '2018-11-01 11:52:58', 1, 2),
(93, 1.14, 0.5, 6.27, 6.74, 70, '2018-10-30 16:38:02', 4, 1),
(94, 0.23, 1.22, 13.89, 45.03, 147, '2018-10-27 19:04:43', 3, 2),
(95, 1.51, 1.16, 6.37, 26.07, 523, '2018-10-30 00:43:52', 3, 1),
(96, 1.46, 1.63, 10.79, 27.82, 181, '2018-11-01 19:47:35', 5, 2),
(97, 0.08, 0.84, 5.83, 43.31, 304, '2018-11-02 05:42:12', 5, 2),
(98, 1.72, 0.7, 7.89, 10.31, 365, '2018-10-27 22:37:54', 1, 2),
(99, 0.72, 1.85, 9.85, 17.85, 224, '2018-10-30 01:42:22', 2, 1),
(100, 0.33, 1.56, 4.34, 10.71, 68, '2018-10-29 03:45:29', 2, 1),
(101, 0.59, 1.65, 10.82, 38.27, 940, '2018-11-06 08:38:09', 4, 2),
(102, 1.39, 1.41, 10.8, 15.43, 723, '2018-11-09 15:07:42', 2, 2),
(103, 1.94, 0.86, 6.97, 8.23, 694, '2018-11-09 20:37:22', 5, 2),
(104, 1.77, 0.69, 13.01, 43.2, 110, '2018-11-01 04:39:54', 2, 2),
(105, 0.99, 1.98, 6.03, 47.9, 76, '2018-11-09 01:47:26', 1, 1),
(106, 1.87, 0.1, 11.56, 24, 888, '2018-11-10 05:20:47', 5, 1),
(107, 1.8, 1.18, 0.9, 49.91, 320, '2018-11-06 22:39:15', 1, 1),
(108, 0.85, 0.78, 9.76, 14.44, 805, '2018-11-09 21:22:58', 1, 1),
(109, 1.97, 0.68, 2.77, 32.1, 72, '2018-11-02 02:10:24', 5, 1),
(110, 0.58, 0.37, 4.31, 6.36, 774, '2018-11-01 07:18:01', 2, 1),
(111, 1.79, 1.74, 10.27, 40.84, 557, '2018-10-29 03:53:23', 2, 2),
(112, 0.71, 0.69, 8.93, 47.43, 495, '2018-11-09 00:51:04', 6, 2),
(113, 1.21, 1.35, 5.38, 43.26, 330, '2018-11-02 04:14:11', 5, 1),
(114, 0.13, 1.61, 6.47, 43.24, 682, '2018-10-30 01:46:41', 6, 1),
(115, 0.05, 1.35, 12.08, 23.66, 668, '2018-11-10 13:27:22', 6, 1),
(116, 1.4, 1.13, 0.61, 49.38, 544, '2018-11-10 04:18:48', 2, 2),
(117, 1.11, 0.73, 6.89, 7.47, 941, '2018-11-09 03:28:04', 3, 1),
(118, 0.12, 0.56, 5.89, 23.73, 419, '2018-11-01 05:10:30', 6, 2),
(119, 0.52, 0.92, 3.42, 15.9, 545, '2018-11-07 00:29:08', 6, 2),
(120, 0.91, 0.74, 1.03, 25.9, 350, '2018-11-03 17:10:05', 3, 2);

-- --------------------------------------------------------

--
-- Table structure for table `log_type`
--

CREATE TABLE `log_type` (
  `tid` tinyint(3) UNSIGNED NOT NULL,
  `name` varchar(32) DEFAULT NULL,
  `record_time` datetime NOT NULL
) ENGINE=InnoDB DEFAULT CHARSET=utf8;

--
-- Dumping data for table `log_type`
--

INSERT INTO `log_type` (`tid`, `name`, `record_time`) VALUES
(1, 'Piscina', '2018-11-10 17:37:59'),
(2, 'Jacuzzi', '2018-11-10 17:37:59');

-- --------------------------------------------------------

--
-- Table structure for table `settings`
--

CREATE TABLE `settings` (
  `sid` tinyint(3) UNSIGNED NOT NULL,
  `entity` varchar(32) DEFAULT NULL,
  `entity_url` varchar(256) DEFAULT NULL,
  `lang` varchar(5) DEFAULT NULL,
  `record_time` datetime NOT NULL
) ENGINE=InnoDB DEFAULT CHARSET=utf8;

--
-- Dumping data for table `settings`
--

INSERT INTO `settings` (`sid`, `entity`, `entity_url`, `lang`, `record_time`) VALUES
(1, 'Good Fit, Lda', 'https://www.goodfit.pt', 'pt-pt', '2018-11-10 17:37:59');

-- --------------------------------------------------------

--
-- Table structure for table `settings_param`
--

CREATE TABLE `settings_param` (
  `spid` tinyint(3) UNSIGNED NOT NULL,
  `param` varchar(12) DEFAULT NULL,
  `param_min` float UNSIGNED DEFAULT NULL,
  `param_max` float UNSIGNED DEFAULT NULL,
  `record_time` datetime NOT NULL
) ENGINE=InnoDB DEFAULT CHARSET=utf8;

--
-- Dumping data for table `settings_param`
--

INSERT INTO `settings_param` (`spid`, `param`, `param_min`, `param_max`, `record_time`) VALUES
(1, 'cl', 0, 2, '2018-11-10 17:37:59'),
(2, 'dpd3', 0, 2, '2018-11-10 17:37:59'),
(3, 'ph', 0, 14, '2018-11-10 17:37:59'),
(4, 'temp', 0, 50, '2018-11-10 17:37:59'),
(5, 'maq', 1, 999, '2018-11-10 17:37:59');

--
-- Indexes for dumped tables
--

--
-- Indexes for table `employers`
--
ALTER TABLE `employers`
  ADD PRIMARY KEY (`eid`),
  ADD UNIQUE KEY `eid` (`eid`),
  ADD UNIQUE KEY `email` (`email`);

--
-- Indexes for table `logs`
--
ALTER TABLE `logs`
  ADD PRIMARY KEY (`lid`),
  ADD UNIQUE KEY `lid` (`lid`),
  ADD KEY `log_owner` (`log_owner`),
  ADD KEY `log_type` (`log_type`);

--
-- Indexes for table `log_type`
--
ALTER TABLE `log_type`
  ADD PRIMARY KEY (`tid`),
  ADD UNIQUE KEY `tid` (`tid`);

--
-- Indexes for table `settings`
--
ALTER TABLE `settings`
  ADD PRIMARY KEY (`sid`),
  ADD UNIQUE KEY `sid` (`sid`);

--
-- Indexes for table `settings_param`
--
ALTER TABLE `settings_param`
  ADD PRIMARY KEY (`spid`),
  ADD UNIQUE KEY `spid` (`spid`);

--
-- AUTO_INCREMENT for dumped tables
--

--
-- AUTO_INCREMENT for table `employers`
--
ALTER TABLE `employers`
  MODIFY `eid` bigint(20) UNSIGNED NOT NULL AUTO_INCREMENT, AUTO_INCREMENT=7;
--
-- AUTO_INCREMENT for table `logs`
--
ALTER TABLE `logs`
  MODIFY `lid` bigint(20) UNSIGNED NOT NULL AUTO_INCREMENT, AUTO_INCREMENT=121;
--
-- AUTO_INCREMENT for table `log_type`
--
ALTER TABLE `log_type`
  MODIFY `tid` tinyint(3) UNSIGNED NOT NULL AUTO_INCREMENT, AUTO_INCREMENT=3;
--
-- AUTO_INCREMENT for table `settings`
--
ALTER TABLE `settings`
  MODIFY `sid` tinyint(3) UNSIGNED NOT NULL AUTO_INCREMENT, AUTO_INCREMENT=2;
--
-- AUTO_INCREMENT for table `settings_param`
--
ALTER TABLE `settings_param`
  MODIFY `spid` tinyint(3) UNSIGNED NOT NULL AUTO_INCREMENT, AUTO_INCREMENT=6;
--
-- Constraints for dumped tables
--

--
-- Constraints for table `logs`
--
ALTER TABLE `logs`
  ADD CONSTRAINT `logs_ibfk_1` FOREIGN KEY (`log_owner`) REFERENCES `employers` (`eid`),
  ADD CONSTRAINT `logs_ibfk_2` FOREIGN KEY (`log_type`) REFERENCES `log_type` (`tid`);
COMMIT;

/*!40101 SET CHARACTER_SET_CLIENT=@OLD_CHARACTER_SET_CLIENT */;
/*!40101 SET CHARACTER_SET_RESULTS=@OLD_CHARACTER_SET_RESULTS */;
/*!40101 SET COLLATION_CONNECTION=@OLD_COLLATION_CONNECTION */;
